{"cameraMode":{"drawMode":0,"name":"Shaded","section":"Shading Mode"},"sceneLighting":false,"audioPlay":false,"sceneViewState":{"showFog":false,"showMaterialUpdate":false,"showSkybox":false,"showFlares":false,"showImageEffects":false,"showParticleSystems":false},"in2DMode":false,"pivot":{"x":19.139938354492189,"y":-5.186954498291016,"z":-9.054424285888672},"rotation":{"x":-0.07425461709499359,"y":0.9257370233535767,"z":-0.25950708985328677,"w":-0.2648959159851074},"size":78.26396179199219,"orthographic":false}