{"cameraMode":{"drawMode":0,"name":"Shaded","section":"Shading Mode"},"sceneLighting":false,"audioPlay":false,"sceneViewState":{"showFog":false,"showMaterialUpdate":false,"showSkybox":false,"showFlares":false,"showImageEffects":false,"showParticleSystems":false},"in2DMode":false,"pivot":{"x":-2.1964449882507326,"y":-1.7918195724487305,"z":6.233856201171875},"rotation":{"x":-0.13261401653289796,"y":0.8643004298210144,"z":-0.38008913397789,"w":-0.30155935883522036},"size":2.8578836917877199,"orthographic":false}