{"cameraMode":{"drawMode":0,"name":"Shaded","section":"Shading Mode"},"sceneLighting":false,"audioPlay":false,"sceneViewState":{"showFog":false,"showMaterialUpdate":false,"showSkybox":false,"showFlares":false,"showImageEffects":false,"showParticleSystems":false},"in2DMode":false,"pivot":{"x":20.799049377441408,"y":9.29604721069336,"z":-0.06338310241699219},"rotation":{"x":-0.09366358071565628,"y":0.8999156355857849,"z":-0.2392134964466095,"w":-0.35236021876335146},"size":18.018272399902345,"orthographic":false}