{"cameraMode":{"drawMode":0,"name":"Shaded","section":"Shading Mode"},"sceneLighting":true,"audioPlay":false,"sceneViewState":{"showFog":true,"showMaterialUpdate":true,"showSkybox":true,"showFlares":true,"showImageEffects":true,"showParticleSystems":true},"in2DMode":false,"pivot":{"x":0.8872647285461426,"y":2.9123053550720217,"z":-2.4764204025268556},"rotation":{"x":-0.06914710998535156,"y":0.9142663478851318,"z":-0.17659927904605866,"w":-0.35797905921936037},"size":11.852886199951172,"orthographic":false}